#Chr_Pos_Ref_Alt	Global	SAS	AMR	EAS	NFE	FIN	ASJ	TWB1492
1_10114_T_C	0	.	0	0	0	0	0	.
1_10120_T_C	0	.	0	0	0	0	0	.
1_10120_T_A	.	.	.	.	.	.	.	0.00068
1_10137_C_G	3.715e-05	.	0	0	0	0	0	.
1_10138_T_C	9.764e-05	.	0	0	0	0	0	.
1_10140_A_G	0	.	0	0	0	0	0	.
1_10144_T_C	0.001	.	0	0	0.0006	0.0034	0	.
1_10145_A_T	0.0001	.	0	0	0.0003	0	0	.
1_10147_C_A	0.0013	.	0	0	0.0013	0	0	.
1_10147_C_G	0.0003	.	0	0	0	0.0017	0	.
1_10150_C_T	0.0044	.	0	0	0.0041	0.0098	0	.
1_10151_T_A	0.0037	.	0	0	0.0054	0	0	.
1_10151_T_G	0.0037	.	0	0	0	0.0238	0	.
1_10152_A_C	.	.	.	.	.	.	.	0.00065
1_10153_A_C	0.0008	.	0	0	0.0016	0	0	.
1_10153_A_G	0	.	0	0	0	0	0	.
1_10157_T_A	0	.	0	0	0	0	0	.
1_10157_T_C	0.0027	.	0	0	0.0014	0.0032	0.0172	.
1_10158_A_T	0	.	0	0	0	0	0	.
1_10158_A_C	.	.	.	.	.	.	.	0.0005
1_10159_A_C	0	.	0	0	0	0	0	.
1_10159_A_G	0	.	0	0	0	0	0	.
1_10160_C_A	0	.	0	0	0	0	0	.
1_10163_T_C	0.0011	.	0	0	0.0005	0	0.0139	.
1_10164_A_T	0.0001	.	0	0	0	0.0007	0	.
1_10165_A_C	.	.	.	.	.	.	.	0.00168
1_10166_C_G	6.767e-05	.	0	0	0	0	0	.
1_10166_C_A	.	.	.	.	.	.	.	0.00052
1_10169_T_C	0.0006	.	0	0	0	0	0	.
1_10169_T_G	0.0009	.	0	0	0	0.0034	0	.
1_10171_A_C	0.0007	.	0	0	0.0003	0.0030	0	.
1_10175_T_G	0	.	0	0	0	0	0	.
1_10177_A_C	0.1559	.	0.25	0.375	0.1444	0.1	0	0.04878
1_10180_T_C	0.2155	.	0.5	0.5	0.1905	0.1154	0	0.0045
1_10181_A_T	0.0107	.	0	0.0556	0.0062	0	0	0.00446
1_10185_C_T	7.554e-05	.	0	0	0	0	0	0.00134
1_10186_T_A	0.0008	.	0	0	0.0007	0	0	.
1_10186_T_C	0.0008	.	0	0	0.0007	0.0041	0	.
1_10186_T_G	0	.	0	0	0	0	0	.
1_10191_C_T	.	.	.	.	.	.	.	0.00106
1_10192_T_C	0.0003	.	0	0	0.0006	0	0	.
1_10192_T_G	0.0002	.	0	0	0.0003	0	0	.
1_10198_T_C	0.0001	.	0	0	0	0.0016	0	.
1_10210_T_A	0	.	0	0	0	0	0	.
1_10217_A_T	0	.	0	0	0	0	0	.
1_10222_T_C	0.0003	.	0	0	0.0005	0	0	.
1_10228_T_C	0.0003	.	0	0	0.0006	0	0	.
1_10231_C_A	0.0093	.	0	0	0	0	0	.
1_10234_C_T	0.0010	.	0	0	0.0008	0.0060	0	.
1_10235_T_A	0.0074	.	0	0	0.0119	0	0	.
1_10237_A_C	0	.	0	0	0	0	0	.
1_10241_T_C	0.0076	.	.	0	0.0111	0	0	.
1_10247_T_C	0.0063	.	0	0	0.0028	0.0333	0.0417	.
1_10248_A_T	0.0190	.	.	0	0.01	0.0333	0.25	.
1_10250_A_C	0.0267	.	0	0	0.0326	0.0385	0	0.09756
1_10254_T_C	0	.	0	0	0	0	0	.
1_10255_A_T	0.0120	.	0	0	0	0	0	.
1_10257_A_C	0.0484	.	0.5	0	0.0595	0	0	0.08621
1_10259_C_A	0	.	0	0	0	0	0	.
1_10261_T_G	0	.	0	0	0	0	0	.
1_10267_T_G	0	.	0	0	0	0	0	.
1_10276_C_A	3.595e-05	.	0	0	0	0	0	.
1_10285_T_C	.	.	.	.	.	.	.	0.00118
1_10291_C_T	0.0044	.	0	0.0333	0.0032	0.0233	0	0.00258
1_10297_C_T	0.0012	.	0	0.0067	0.0007	0.006	0	0.00228
1_10303_C_T	6.234e-05	.	0	0	0.0001	0	0	.
1_10315_C_T	0	.	0	0	0	0	0	.
1_10321_C_T	0.0010	.	0	0	0.0011	0	0	.
1_10327_T_C	0.2556	.	0.5	0.5	0.1983	0.2679	0	0.38144
1_10328_A_T	0	.	0	0	0	0	0	.
1_10330_C_A	0.0044	.	0	0	0	0.0208	0	0.02703
1_10332_C_A	9.214e-05	.	0	0	9.323e-05	0.0005	0	.
1_10333_C_T	0.0017	.	0	0	0.0029	0	0	0.01402
1_10334_T_A	0.0020	.	0	0	0	0	0	0.00485
1_10336_A_C	0.0027	.	0	0	0	0	0	0.00251
1_10336_A_G	0	.	0	0	0	0	0	.
1_10340_T_C	0.0019	.	0	0	0.0013	0	0	0.01511
1_10342_A_G	0	.	0	0	0	0	0	.
1_10346_T_C	0	.	0	0	0	0	0	.
1_10348_A_C	0	.	0	0	0	0	0	.
1_10348_A_G	0	.	0	0	0	0	0	.
1_10352_T_A	0.0420	.	0.1667	0	0.0285	0.0405	0.1667	.
1_10354_C_A	0.0762	.	0.125	0	0.0709	0.1829	0	0.125
1_10357_T_C	0	.	0	0	0	0	0	0.00191
1_10359_A_G	0.0002	.	0.0081	0	0	0	0	.
1_10365_A_G	8.758e-05	.	0.0034	0	0	0	0	.
1_10367_C_T	9.895e-05	.	0	0	0.0002	0	0	.
1_10371_A_G	6.442e-05	.	0.0025	0	0	0	0	.
1_10390_C_A	0.0004	.	0	0	0	0	0.0208	.
1_10393_C_T	0.0002	.	0	0	0.0004	0	0	.
1_10397_C_A	.	.	.	.	.	.	.	0.00136
1_10400_C_T	4.981e-05	.	0	0	0.0001	0	0	.
1_10419_T_C	0.0001	.	0	0	0.0002	0	0	.
1_10419_T_G	0.0001	.	0	0	9.741e-05	0.0004	0	.
1_10423_C_G	3.875e-05	.	0	0	0	0	0	.
1_10425_T_C	0.0001	.	0	0	9.885e-05	0	0	.
1_10431_T_C	0.0002	.	0.0021	0.0011	0	0	0	.
1_10432_A_T	4.926e-05	.	0.0017	0	0	0	0	0.00134
1_10433_A_C	0.0002	.	0	0	0.0004	0	0	.
1_10437_T_C	0.0007	.	0.0088	0	0.0004	0.0006	0	.
1_10438_A_T	7.563e-05	.	0	0	0.0001	0	0	.
1_10438_A_C	.	.	.	.	.	.	.	0.00101
1_10440_C_A	.	.	.	.	.	.	.	0.00308
1_10443_C_T	0.0047	.	0	0	0.0060	0.0023	0.0109	0.00241
1_10444_T_A	0.0012	.	0	0	0.0016	0.0012	0	.
1_10444_T_C	0.0004	.	0.0053	0	0.0004	0	0	.
1_10444_T_G	0.0004	.	0	0	0	0.0012	0	.
1_10445_A_C	0.0002	.	0.0017	0	0	0	0	.
1_10445_A_G	0	.	0	0	0	0	0	.
1_10446_A_C	0.0001	.	0.0024	0	0	0.0005	0	.
1_10450_T_C	0.0012	.	0.0056	0.0024	0.0008	0.0031	0	0.00138
1_10450_T_G	0.0015	.	0.0028	0.0024	0.0012	0.0020	0	.
1_10451_A_C	0.0002	.	0	0	0	0.0003	0	.
1_10451_A_G	0	.	0	0	0	0	0	.
1_10451_A_T	0.0002	.	0.0017	0	0.0002	0	0	.
1_10452_A_C	4.172e-05	.	0	0	0	0	0	.
1_10454_C_G	3.43e-05	.	0	0	0	0	0	.
1_10454_C_T	0.0011	.	0	0	0	0	0	.
1_10456_T_C	0.0005	.	0.0042	0	0.0003	0.0012	0	0.00069
1_10456_T_G	0	.	0	0	0	0	0	.
1_10457_A_C	0.0002	.	0	0	0	0	0	.
1_10457_A_G	9.168e-05	.	0	0	0	0	0	.
1_10458_A_C	0.0002	.	0	0	0.0002	0	0	.
1_10458_A_G	4.184e-05	.	0	0	8.041e-05	0	0	.
1_10461_C_A	6.851e-05	.	0.0013	0	0	0	0	.
1_10461_C_G	0.0002	.	0	0	0	0	0	.
1_10462_T_C	0.0001	.	0.0024	0	8.857e-05	0.0005	0	.
1_10462_T_G	4.899e-05	.	0	0	0	0	0	.
1_10463_A_T	4.607e-05	.	0	0	0	0	0	.
1_10466_C_G	6.878e-05	.	0	0	0	0	0	.
1_10469_C_A	0	.	0	0	0	0	0	.
1_10469_C_G	0.0009	.	0	0	0.0006	0.0032	0.0111	0.00485
1_10470_G_A	0.0002	.	0	0	0	0	0	.
1_10470_G_C	0.0031	.	0.0312	0	0.0007	0.0039	0	0.00363
1_10471_C_G	4.259e-05	.	0	0	0	0	0	.
1_10472_G_T	.	.	.	.	.	.	.	0.0004
1_10473_G_A	0.0096	.	0.0049	0	0.0082	0.0363	0	0.0012
1_10474_T_A	0.0006	.	0.0056	0.0022	0.0002	0.0011	0	0.00952
1_10475_A_T	4.519e-05	.	0	0	7.971e-05	0	0	.
1_10476_C_A	9.594e-05	.	0	0	8.214e-05	0	0	.
1_10478_C_G	0.0006	.	0.0015	0	0.0008	0.0003	0	.
1_10480_C_A	0.0004	.	0.0051	0.0011	0	0.0004	0	0.00693
1_10482_G_C	0.0002	.	0	0	0	0.0004	0	0.00511
1_10483_C_A	3.637e-05	.	0	0	6.914e-05	0	0	.
1_10483_C_G	3.637e-05	.	0	0	6.914e-05	0	0	.
1_10485_G_A	4.143e-05	.	0.0021	0	0	0	0	0.00036
1_10486_G_C	0	.	0	0	0	0	0	.
1_10486_G_A	.	.	.	.	.	.	.	0.00036
1_10487_C_G	3.577e-05	.	0	0	6.864e-05	0	0	.
1_10489_C_T	0.0001	.	0.0014	0	0.0001	0	0	.
1_10490_G_A	0.0003	.	0	0	0.0004	0	0	.
1_10492_C_T	0.0802	.	0.1368	0.2603	0.0695	0.0493	0.1264	0.25727
1_10493_C_A	3.456e-05	.	0	0	0	0	0	.
1_10493_C_G	0.0008	.	0	0	0.0010	0.0016	0	.
1_10494_G_A	3.658e-05	.	0	0	0	0	0	.
1_10497_C_A	0.0002	.	0	0	0	0	0	.
1_10497_C_T	6.738e-05	.	0	0	0	0	0	.
1_10500_G_C	3.445e-05	.	0	0	0	0	0	.
1_10503_T_C	0.0002	.	0	0	0	0	0	.
1_10504_G_C	0.0005	.	0	0	0	0	0	.
1_10506_C_T	3.348e-05	.	0	0	6.608e-05	0	0	.
1_10511_G_A	0	.	0	0	0	0	0	.
1_10512_G_C	3.342e-05	.	0	0	6.608e-05	0	0	.
1_10513_A_G	6.647e-05	.	0	0	6.578e-05	0	0	.
1_10518_T_C	6.66e-05	.	0	0	0	0	0	.
1_10519_G_A	0.0001	.	0	0	0.0002	0	0	0.00035
1_10522_C_T	3.306e-05	.	0	0	0	0	0	.
1_10533_G_C	0.0001	.	0	0	0.0002	0	0	.
1_10533_G_A	.	.	.	.	.	.	.	0.00035
1_10539_C_A	0.0006	.	0	0	0.0009	0	0	.
1_10543_G_A	3.325e-05	.	0	0	0	0	0	.
1_10543_G_C	0	.	0	0	0	0	0	.
1_10555_G_A	3.34e-05	.	0	0	6.595e-05	0	0	.
1_10557_G_A	6.705e-05	.	0	0	0	0	0	.
1_10557_G_C	.	.	.	.	.	.	.	0.00103
1_10558_G_C	3.365e-05	.	0.0013	0	0	0	0	.
1_10563_C_A	0.0002	.	0	0	0	0	0	.
1_10563_C_G	3.394e-05	.	0	0	6.672e-05	0	0	.
1_10565_C_T	3.399e-05	.	0	0	0	0	0	.
1_10570_C_G	0	.	0	0	0	0	0	.
1_10571_C_T	3.451e-05	.	0	0	6.772e-05	0	0	.
1_10575_C_G	0.0001	.	0	0.003	0	0	0	0.00136
1_10575_C_T	3.501e-05	.	0	0	6.85e-05	0	0	.
1_10578_G_C	3.593e-05	.	0	0	0	0	0	.
1_10579_C_A	0.0002	.	0	0	0	0	0	.
1_10580_G_C	3.578e-05	.	0	0	0	0	0	.
1_10580_G_T	3.578e-05	.	0	0	0	0	0	.
1_10582_T_C	0.0003	.	0	0	0	0	0	.
1_10583_G_A	0.2394	.	0.2824	0.2210	0.3350	0.3171	0.3353	0.20598
1_10588_C_A	3.709e-05	.	0	0	0	0	0	.
1_10588_C_G	.	.	.	.	.	.	.	0.00034
1_10591_G_C	3.821e-05	.	0	0	7.472e-05	0	0	.
1_10592_G_C	.	.	.	.	.	.	.	0.00034
1_10593_T_C	0.0005	.	0	0	0.0010	0	0	.
1_10594_C_G	3.838e-05	.	0	0	0	0	0	0.00068
1_10597_T_G	3.933e-05	.	0	0	7.721e-05	0	0	.
1_10601_G_C	4.149e-05	.	0	0	0	0	0	.
1_10603_G_C	.	.	.	.	.	.	.	0.00034
1_10604_G_A	4.255e-05	.	0	0	8.379e-05	0	0	.
1_10609_C_A	5.725e-05	.	0	0	0	0	0	.
1_10609_C_T	0.0011	.	0	0	0.0001	0	0	.
1_10611_C_G	0.0821	.	0.0143	0.5441	0.0232	0	0.0312	0.02125
1_10611_C_T	0.0030	.	0	0	0	0	0	.
1_10613_A_T	0.0002	.	0	0	0.0009	0	0	.
1_10622_T_G	0.0020	.	0	0.0024	0.0034	0.0007	0	0.07901
1_10623_T_C	0.0194	.	0	0.1262	0.0083	0.0007	0	0.201
1_10641_C_A	0.0001	.	0	0	0.0002	0	0	.
1_10653_A_G	6.22e-05	.	0	0.0008	0	0	0	.
1_10654_G_C	0	.	0	0	0	0	0	.
1_10657_A_G	6.266e-05	.	0	0	0.0001	0	0	.
1_10658_G_C	0	.	0	0	0	0	0	.
1_10659_G_A	6.111e-05	.	0	0	0.0001	0	0	.
1_10666_G_T	0	.	0	0	0	0	0	.
1_10667_C_T	0	.	0	0	0	0	0	.
1_10670_C_A	0	.	0	0	0	0	0	.
1_10675_C_G	6.132e-05	.	0	0	0.0001	0	0	.
1_10676_A_C	0.0001	.	0	0	0	0	0	.
1_10681_C_G	0	.	0	0	0	0	0	.
1_10695_G_C	6.936e-05	.	0	0	0	0	0	.
1_10696_C_G	0	.	0	0	0	0	0	.
1_10716_G_C	0.0004	.	0	0.0029	0.0002	0	0	.
1_10719_G_C	0.0010	.	0	0	0.0021	0	0	.
1_10745_G_C	0.0002	.	0	0.0015	0	0	0	.
1_10774_G_C	0.0016	.	0	0.0024	0.0004	0	0	.
1_10806_G_A	0	.	0	0	0	0	0	.
1_10810_G_A	0.0011	.	0	.	0.004	0	0	.
1_10817_G_C	0	.	0	0	0	0	0	0.01024
1_10846_G_C	0.0006	.	0	0	0	0	0	.
1_10847_G_C	0.0003	.	0	0	0	0	0	.
1_10904_G_A	0.3029	.	0	0.2321	0.1371	.	0	0.03381
1_10907_G_C	.	.	.	.	.	.	.	0.00035
1_10914_C_T	0	.	0	0	0	.	0	.
1_10922_G_C	0.0005	.	0	0	0	.	0	.
1_10924_C_A	.	.	.	.	.	.	.	0.00035
1_10927_A_G	0.4398	.	.	0.2917	0.25	.	.	0.04874
1_10934_C_T	0.0024	.	0	0	0	.	0	.
1_10936_G_A	.	.	.	.	.	.	.	0.00071
1_10938_G_A	0.0048	.	0	0.0076	0	.	0	0.01986
1_10947_G_C	0	.	0	0	0	.	.	.
1_10964_G_C	0.0012	.	0	0	0	.	.	.
1_10972_G_A	0	.	0	0	0	.	.	.
1_10975_G_C	0	.	0	0	0	.	.	.
1_10978_G_T	0	.	0	0	0	.	.	.
1_10990_C_G	0.04	.	.	0	0	.	.	0.00943
1_11014_G_A	0.0174	.	.	0	0	.	.	0.01189
1_11022_G_A	0.0204	.	.	0	0	.	.	0.01625
1_11030_G_A	0	.	.	0	0	.	.	.
1_11068_C_G	.	.	.	.	.	.	.	.
1_11071_G_C	0	.	.	.	0	.	.	0.00124
1_11081_G_T	0	.	.	.	0	.	.	0.00132
1_11134_A_G	0	.	.	.	.	.	.	.
1_12198_G_C	.	.	.	.	.	.	.	.
1_12383_G_A	.	.	.	.	.	.	.	.
1_12384_G_C	.	.	.	.	.	.	.	.
1_12506_C_G	.	.	.	.	.	.	.	.
1_12522_G_A	0	.	.	.	.	.	.	.
1_12554_A_G	0	.	.	0	0	.	0	.
1_12559_G_A	0	.	.	0	0	0	.	.
1_12597_T_C	0	.	.	0	0	0	0	.
1_12615_G_A	0.0054	.	.	0	0	0	0	.
1_12656_C_G	0	.	0	0	0	0	0	.
1_12659_G_C	0.0183	.	0	0.0455	0.0071	0.0982	0	0.01968
1_12663_T_C	0.0005	.	0	0	0	0	0	.
1_12664_G_C	0	.	0	0	0	0	0	.
1_12669_A_C	0	.	0	0	0	0	0	.
1_12670_G_C	0.0116	.	0.0156	0.1136	0.0109	0.0258	0	0.04611
1_12672_C_T	0.0496	.	0.02	0.0741	0.0144	0.1213	0	0.029
1_12673_G_A	0.0039	.	0	0	0.0065	0.0029	0	0.00174
1_12680_G_A	0.0004	.	0	0.0060	0.0002	0	0	0.00205
1_12693_C_A	0.0010	.	0	0	0	0	0	.
1_12716_G_T	4.605e-05	.	0	0	0	0	0	.
1_12719_G_C	0.0500	.	0.0310	0	0.0542	0.1249	0.0678	0.00705
1_12724_G_C	0.0003	.	0.0018	0	0.0002	0.0003	0	0.00034
1_12726_G_C	4.262e-05	.	0	0	0	0	0	.
1_12754_C_T	3.768e-05	.	0	0	0	0	0	.
1_12755_G_A	0.0060	.	0.0045	0	0.0020	0.0037	0	.
1_12766_G_C	3.572e-05	.	0	0	7.374e-05	0	0	.
1_12768_C_G	7.135e-05	.	0	0	0	0	0	.
1_12773_C_A	0.0014	.	0.0014	0	0	0	0	.
1_12773_C_T	0.0003	.	0	0.0017	0.0001	0.0003	0	0.00369
1_12774_G_A	3.56e-05	.	0	0	0	0	0	.
1_12774_G_T	7.119e-05	.	0	0	7.279e-05	0	0	.
1_12775_G_A	3.509e-05	.	0	0	7.262e-05	0	0	.
1_12777_G_A	3.513e-05	.	0	0	7.285e-05	0	0	.
1_12779_C_T	0.0006	.	0	0	7.248e-05	0	0	.
1_12780_G_A	7.01e-05	.	0	0.0008	0	0	0	0.00034
1_12780_G_T	3.505e-05	.	0	0	0	0.0003	0	.
1_12781_G_A	.	.	.	.	.	.	.	0.00101
1_12783_G_A	0.5595	.	0.6018	0.4881	0.5889	0.5884	0.5870	0.47252
1_12792_C_T	3.447e-05	.	0	0	0	0	0	.
1_12807_C_A	0	.	0	0	0	0	0	.
1_12807_C_T	0.0602	.	0.0294	0.1176	0.0163	0.0108	0.0461	0.21749
1_12808_G_A	0.0001	.	0	0.0015	7.112e-05	0	0	0.00101
1_12812_C_T	3.408e-05	.	0	0	0	0	0	.
1_12813_C_T	3.404e-05	.	0	0	0	0	0	.
1_12828_T_G	0	.	0	0	0	0	0	.
1_12829_G_A	0	.	0	0	0	0	0	.
1_12832_C_A	0	.	0	0	0	0	0	0.00034
1_12839_G_A	7.727e-05	.	0	0	0	0	0	.
1_12839_G_C	0.0138	.	0.0141	0.0139	0.0039	0.0041	0	0.0439
1_12847_A_C	6.769e-05	.	0	0	0	0	0	.
1_12852_G_C	6.757e-05	.	0	0	0	0	0	.
1_12867_C_T	3.374e-05	.	0.0013	0	0	0	0	0.00034
1_12868_G_A	6.759e-05	.	0	0	7.058e-05	0	0	.
1_12875_T_C	3.378e-05	.	0	0	0	0	0	.
1_12882_C_G	0.0072	.	0.0186	0.0027	0.0053	0.0068	0.0048	0.00804
1_12888_A_G	6.809e-05	.	0	0	7.088e-05	0	0	0.00067
1_12894_G_C	3.424e-05	.	0	0	7.077e-05	0	0	.
1_12894_G_T	0.0010	.	0.0026	0	0	0	0	.
1_12901_G_A	0.0002	.	0	0	0.0004	0	0	.
1_12901_G_C	.	.	.	.	.	.	.	0.00067
1_12902_G_T	3.417e-05	.	0	0.0007	0	0	0	0.00067
1_12916_T_C	.	.	.	.	.	.	.	0.00034
1_12926_A_T	.	.	.	.	.	.	.	0.00067
1_12932_C_T	3.436e-05	.	0	0	7.15e-05	0	0	.
1_12948_T_C	0.0001	.	0	0	7.067e-05	0	0	0.00101
1_12950_C_T	.	.	.	.	.	.	.	0.00034
1_12951_A_C	0	.	0	0	0	0	0	.
1_12971_C_T	6.692e-05	.	0	0	7.026e-05	0	0	.
1_12979_G_C	0	.	0	0	0	0	0	.
1_12981_G_C	0.0005	.	0	0	0	0	0	.
1_12986_G_C	0.0001	.	0	0	0	0	0	.
1_12991_G_A	3.338e-05	.	0	0.0006	0	0	0	0.00034
1_12992_G_A	3.337e-05	.	0	0	7.006e-05	0	0	.
1_12993_G_A	0	.	0	0	0	0	0	.
1_13006_G_T	3.328e-05	.	0	0	0	0	0	.
1_13011_T_G	0.0002	.	0	0	0	0	0	.
1_13012_G_A	0.0036	.	0.0013	0	0.0041	0.0035	0.0050	.
1_13012_G_C	0.0010	.	0.0038	0	0	0	0	.
1_13020_A_C	6.608e-05	.	0	0	0.0001	0	0	.
1_13024_G_A	3.287e-05	.	0.0012	0	0	0	0	.
1_13025_T_G	0	.	0	0	0	0	0	.
1_13030_G_A	3.273e-05	.	0	0	6.783e-05	0	0	.
1_13035_C_T	6.53e-05	.	0	0	0	0	0	.
1_13038_T_A	0	.	0	0	0	0	0	.
1_13043_C_A	0	.	0	0	0	0	0	.
1_13050_T_C	3.24e-05	.	0	0.0006	0	0	0	.
1_13052_G_C	6.474e-05	.	0	0.0006	0	0	0	0.00101
1_13053_G_C	3.238e-05	.	0	0	0	0	0	.
1_13061_G_C	6.456e-05	.	0	0	0.0001	0	0	.
1_13074_T_C	0	.	0	0	0	0	0	.
1_13076_G_T	.	.	.	.	.	.	.	0.00034
1_13079_C_G	0.0138	.	0.0136	0.0215	0.0021	0.0141	0	0.13103
1_13079_C_T	0	.	0	0	0	0	0	.
1_13080_G_A	3.224e-05	.	0	0	0	0	0	.
1_13080_G_T	3.224e-05	.	0	0.0006	0	0	0	.
1_13082_C_A	0	.	0	0	0	0	0	.
1_13082_C_G	.	.	.	.	.	.	.	0.00034
1_13091_G_A	6.465e-05	.	0.0012	0	0	0	0	.
1_13095_G_A	3.23e-05	.	0	0	0	0	0	.
1_13097_G_A	.	.	.	.	.	.	.	0.00034
1_13105_G_C	3.236e-05	.	0	0	0	0	0	.
1_13110_G_A	0.0585	.	0.0433	0.0026	0.0955	0.1066	0.0909	0.00973
1_13115_G_C	3.244e-05	.	0	0	0	0	0	.
1_13116_T_G	0.5422	.	0.5784	0.4577	0.5509	0.6110	0.5372	0.46278
1_13118_A_G	0.5411	.	0.5777	0.4542	0.5507	0.6113	0.5372	0.45775
1_13121_T_C	0.0002	.	0	0	6.726e-05	0	0	.
1_13127_G_A	3.266e-05	.	0	0.0006	0	0	0	0.00034
1_13138_T_C	.	.	.	.	.	.	.	0.00034
1_13143_G_C	0.0117	.	0.0135	0	0.0137	0.0213	0.0048	.
1_13149_G_C	0.0018	.	0.0025	0	0.0023	0.0024	0	.
1_13151_G_A	3.329e-05	.	0	0	0	0	0	.
1_13151_G_C	0	.	0	0	0	0	0	.
1_13158_G_A	0	.	0	0	0	0	0	.
1_13166_T_C	0.0006	.	0.0012	0	0.0009	0.0006	0	.
1_13169_A_G	6.694e-05	.	0.0025	0	0	0	0	.
1_13172_G_C	6.693e-05	.	0	0	0	0	0	0.00034
1_13176_G_T	3.347e-05	.	0	0	7.024e-05	0	0	.
1_13177_G_T	3.348e-05	.	0	0	0	0	0	.
1_13178_G_A	0.0197	.	0.0047	0.0116	0.0048	0.0135	0.0054	0.08076
1_13181_G_A	0.0001	.	0	0	0.0001	0	0	.
1_13203_G_A	.	.	.	.	.	.	.	0.00034
1_13214_C_A	3.462e-05	.	0.0013	0	0	0	0	.
1_13214_C_T	0.0006	.	0.0026	0	0.0005	0.0003	0	.
1_13216_C_T	3.381e-05	.	0	0	0	0	0	.
1_13217_G_A	3.385e-05	.	0	0.0007	0	0	0	.
1_13221_G_T	3.384e-05	.	0.0013	0	0	0	0	.
1_13224_G_A	3.389e-05	.	0	0	7.124e-05	0	0	.
1_13230_T_C	0	.	0	0	0	0	0	.
1_13234_G_A	6.764e-05	.	0	0	7.1e-05	0.0003	0	.
1_13244_G_A	0.0001	.	0	0	0	0	0	.
1_13244_G_C	0.0001	.	0	0	0	0	0	.
1_13248_C_G	0.0004	.	0.0013	0	0.0007	0	0	.
1_13259_G_A	3.328e-05	.	0	0	0	0	0	.
1_13267_G_C	0	.	0	0	0	0	0	.
1_13270_C_T	0	.	0	0	0	0	0	0.00134
1_13271_C_T	0	.	0	0	0	0	0	0.00134
1_13273_G_C	0.1027	.	0.1159	0.0581	0.1416	0.1325	0.1314	0.06367
1_13275_G_C	3.332e-05	.	0	0	6.904e-05	0	0	.
1_13281_C_G	0.0112	.	0.0130	0.0014	0.0154	0.0230	0.0253	0.01542
1_13283_C_T	3.38e-05	.	0	0	0	0	0	.
1_13284_G_A	0.0010	.	0	0.0013	0.0001	0	0	0.00101
1_13285_G_A	3.394e-05	.	0	0	0	0	0	.
1_13286_C_A	0	.	0	0	0	0	0	.
1_13289_C_T	6.865e-05	.	0	0.0013	0	0	0	0.00201
1_13302_C_A	5.341e-05	.	0	0	0	0	0	.
1_13302_C_G	0.0002	.	0	0	0.0002	0	0	.
1_13302_C_T	0.3763	.	0.4669	0.0885	0.3838	0.5436	0.3353	0.24631
1_13303_G_A	0.0001	.	0	0	7.66e-05	0	0	0.00034
1_13309_G_A	3.717e-05	.	0	0	7.884e-05	0	0	.
1_13313_T_G	3.755e-05	.	0	0	7.958e-05	0	0	.
1_13322_G_C	3.818e-05	.	0	0	0	0	0	.
1_13323_C_A	0	.	0	0	0	0	0	.
1_13327_G_T	3.886e-05	.	0	0	8.321e-05	0	0	.
1_13328_G_T	3.831e-05	.	0	0	0	0	0	.
1_13337_A_G	0	.	0	0	0	0	0	.
1_13361_G_A	3.596e-05	.	0	0	0	0	0	.
1_13362_C_T	3.568e-05	.	0	0	0	0	0	.
1_13370_T_C	3.425e-05	.	0	0	0	0	0	.
1_13372_G_C	6.816e-05	.	0	0.0007	7.028e-05	0	0	0.00101
1_13380_C_G	0.0059	.	0.0013	0	0.0001	0	0	.
1_13393_C_G	0.0002	.	0	0	0	0	0	.
1_13402_G_C	3.343e-05	.	0	0	7.015e-05	0	0	.
1_13414_C_T	6.684e-05	.	0	0	7.018e-05	0.0003	0	.
1_13417_C_G	3.667e-05	.	0	0	0	0	0	.
1_13417_C_T	3.667e-05	.	0	0	7.9e-05	0	0	.
1_13418_G_A	0.1256	.	0.0573	0.2072	0.0521	0.1051	0.0761	0.29993
1_13424_A_G	0.0003	.	0	0	0	0	0	0.00034
1_13445_C_G	0.0001	.	0	0	0.0003	0	0	.
1_13452_G_C	3.332e-05	.	0	0	6.993e-05	0	0	.
1_13453_T_C	6.66e-05	.	0	0	0	0	0	.
1_13458_C_T	0	.	0	0	0	0	0	.
1_13465_T_C	3.319e-05	.	0	0	6.945e-05	0	0	.
1_13472_C_T	0	.	0	0	0	0	0	.
1_13478_G_A	9.937e-05	.	0.0012	0	0	0	0	.
1_13482_G_C	0	.	0	0	0	0	0	.
1_13482_G_A	.	.	.	.	.	.	.	0.00034
1_13483_G_C	9.969e-05	.	0	0	0	0	0	.
1_13487_C_A	0	.	0	0	0	0	0	.
1_13489_G_A	0	.	0	0	0	0	0	.
1_13490_C_T	0	.	0	0	0	0	0	0.00034
1_13494_A_G	0.0003	.	0	0	0.0006	0	0	.
1_13496_T_G	.	.	.	.	.	.	.	0.00034
1_13503_C_T	0	.	0	0	0	0	0	.
1_13504_G_A	0.0013	.	0.0192	0.0102	0	0	0	0.03452
1_13507_G_A	3.308e-05	.	0	0	0	0	0	.
1_13510_C_A	3.308e-05	.	0	0	0	0	0	.
1_13513_T_C	3.308e-05	.	0	0	0	0	0	.
1_13520_G_C	0	.	0	0	0	0	0	.
1_13521_C_T	0	.	0	0	0	0	0	.
1_13525_G_T	0	.	0	0	0	0	0	.
1_13526_C_T	0	.	0	0	0	0	0	.
1_13528_C_G	0.0006	.	0	0	0	0	0	.
1_13528_C_T	3.348e-05	.	0	0	0	0	0	0.00034
1_13529_G_A	3.328e-05	.	0	0	0	0	0	0.00067
1_13537_C_T	0.0001	.	0	0	6.99e-05	0	0	0.00034
1_13538_G_A	3.328e-05	.	0	0	6.977e-05	0	0	0.00034
1_13540_T_C	0	.	0	0	0	0	0	.
1_13543_T_G	3.327e-05	.	0	0.0006	0	0	0	0.00101
1_13545_G_C	0	.	0	0	0	0	0	.
1_13550_G_A	0.0019	.	0.0038	0	0.0025	0.0033	0.0047	.
1_13557_G_A	3.336e-05	.	0	0	6.998e-05	0	0	.
1_13569_C_T	3.336e-05	.	0	0.0006	0	0	0	.
1_13573_C_A	0.0001	.	0	0	0	0	0	.
1_13580_G_A	0	.	0	0	0	0	0	.
1_13584_A_G	3.337e-05	.	0	0	0	0	0	.
1_13587_C_A	0	.	0	0	0	0	0	.
1_13588_C_T	0.0001	.	0	0	0	0	0	.
1_13594_G_A	0	.	0	0	0	0	0	.
1_13594_G_C	3.339e-05	.	0	0	0	0	0	.
1_13595_A_G	.	.	.	.	.	.	.	0.00201
1_13600_G_T	.	.	.	.	.	.	.	0.00034
1_13601_G_T	.	.	.	.	.	.	.	0.00034
1_13603_G_A	.	.	.	.	.	.	.	0.00034
1_13610_G_C	3.337e-05	.	0	0	0	0	0	.
1_13613_T_A	0.0011	.	0.0014	0.0058	0.0008	0.0009	0	0.03351
1_13619_G_A	0	.	0	0	0	0	0	.
1_13621_A_G	0.0010	.	0.0052	0.0006	0.0012	0.0009	0	0.00369
1_13632_G_A	6.709e-05	.	0	0	0	0	0	.
1_13632_G_T	3.355e-05	.	0	0	7.051e-05	0	0	.
1_13634_C_A	.	.	.	.	.	.	.	0.00168
1_13635_A_G	.	.	.	.	.	.	.	0.00134
1_13639_G_A	.	.	.	.	.	.	.	0.00034
1_13644_C_T	0	.	0	0	0	0	0	0.00101
1_13645_G_A	0	.	0	0	0	0	0	.
1_13646_T_C	0.0001	.	0	0	0	0	0	.
1_13649_G_C	0.0147	.	0.1037	0.0452	0.0117	0.0215	0	0.12165
1_13659_G_T	0.0011	.	0	0	0	0	.	0.00144
1_13664_T_C	3.346e-05	.	0	0	0	0	0	0.00268
1_13665_C_T	0	.	0	0	0	0	0	.
1_13665_C_G	.	.	.	.	.	.	.	0.00067
1_13666_C_A	0	.	0	0	0	0	0	.
1_13668_G_A	0.0041	.	0.0075	0	0.0061	0.0035	0	0.00067
1_13671_G_C	0.0001	.	0	0	0	0	0	.
1_13673_A_G	0	.	0	0	0	0	0	.
1_13674_A_G	0	.	0	0	0	0	0	.
1_13677_G_A	6.682e-05	.	0	0	0	0	0	.
1_13683_C_T	0	.	0	0	0	0	0	.
1_13684_C_T	0.0025	.	0.0059	0.0224	0.0013	0.0010	0	0.06635
1_13693_C_T	6.704e-05	.	0	0	7.02e-05	0	0	0.00034
1_13694_G_A	3.339e-05	.	0	0.0006	0	0	0	.
1_13695_T_A	0	.	0	0	0	0	0	.
1_13717_C_A	0	.	0	0	0	0	0	.
1_13735_C_A	3.34e-05	.	0	0	0	0	0	.
1_13735_C_G	.	.	.	.	.	.	.	0.00034
1_13745_T_C	3.342e-05	.	0	0	0	0	0	.
1_13747_C_T	3.338e-05	.	0	0	0	0	0	.
1_13749_G_A	0.0001	.	0	0	0	0	0	.
1_13750_C_G	0	.	0	0	0	0	0	.
1_13750_C_T	0.0001	.	0	0	0.0001	0	0	.
1_13750_C_A	.	.	.	.	.	.	.	0.00034
1_13751_G_A	0	.	0	0	0	0	0	0.00302
1_13752_T_C	0.0041	.	0.0453	0.0367	0.0012	0.0050	0	0.10221
1_13753_G_A	0	.	0	0	0	0	0	.
1_13756_C_T	0.0002	.	0	0.0033	0	0	0	0.00637
1_13757_G_A	0.0023	.	0.0087	0	0.0032	0.0024	0	0.00034
1_13760_G_A	0.0005	.	0	0	7.013e-05	0	0	.
1_13761_G_A	0.0006	.	0	0	0	0	0	.
1_13763_C_T	0	.	0	0	0	0	0	.
1_13765_G_C	0	.	0	0	0	0	0	.
1_13767_C_T	.	.	.	.	.	.	.	0.00067
1_13770_C_G	0.0010	.	0	0	0	0	0	.
1_13770_C_A	.	.	.	.	.	.	.	0.00067
1_13774_C_T	0.0003	.	0	0	0	0	0	.
1_13782_C_G	3.34e-05	.	0	0	0	0	0	.
1_13784_G_C	0	.	0	0	0	0	0	.
1_13784_G_T	.	.	.	.	.	.	.	0.00034
1_13787_G_A	3.337e-05	.	0	0	7.013e-05	0	0	.
1_13788_G_A	0	.	0	0	0	0	0	.
1_13799_T_G	0	.	0	0	0	0	0	.
1_13801_G_A	0.0002	.	0	0	0.0003	0.0003	0	.
1_13811_C_T	0	.	0	0	0	0	0	0.00402
1_13811_C_A	.	.	.	.	.	.	.	0.00034
1_13813_T_G	0.0009	.	0	0.0143	0.0005	0	0	0.10288
1_13816_T_C	0	.	0	0	0	0	0	.
1_13820_A_G	0	.	0	0	0	0	0	.
1_13823_C_A	0	.	0	0	0	0	0	.
1_13823_C_T	3.345e-05	.	0	0.0007	0	0	0	0.00905
1_13824_G_A	3.341e-05	.	0	0.0006	0	0	0	.
1_13828_C_T	0	.	0	0	0	0	0	.
1_13830_G_C	0	.	0	0	0	0	0	.
1_13833_C_T	3.343e-05	.	0	0	0	0	0	.
1_13835_G_C	0	.	0	0	0	0	0	.
1_13838_C_T	0.0022	.	0.0058	0.0173	0.0007	0.0003	0	0.16052
1_13845_C_T	0	.	0	0	0	0	0	.
1_13858_T_C	0	.	0	0	0	0	0	.
1_13862_A_G	0	.	0	0	0	0	0	.
1_13868_A_G	0.1236	.	0.1254	0.4593	0.1557	0.1154	0.1026	0.45643
1_13871_G_A	.	.	.	.	.	.	.	0.00034
1_13878_G_A	0	.	0	0	0	0	0	.
1_13886_C_T	.	.	.	.	.	.	.	0.00034
1_13896_C_A	0.1316	.	0.2490	0.1740	0.2059	0.1168	0.2063	0.24028
1_13912_G_A	0.0005	.	0.0014	0.0007	0.0004	0.0016	0	0.00436
1_13918_C_A	0	.	0	0	0	0	0	.
1_13924_G_A	3.354e-05	.	0	0	0	0	0.0047	.
1_13944_G_A	0.0008	.	0.0014	0	0.0015	0.0006	0	.
1_13945_G_T	7.339e-05	.	0	0	0	0	0	.
1_13946_G_A	3.712e-05	.	0	0	0	0	0	.
1_13949_T_C	0.0013	.	0	0	0	0	0	.
1_13951_G_C	5.744e-05	.	0	0	0.0002	0	0	0.0007
1_13971_C_A	8.256e-05	.	0	0	0	0	0	.
1_13971_C_T	0	.	0	0	0	0	0	.
1_13977_T_G	0	.	0	0	0	0	0	.
1_13980_T_C	0.0005	.	0	0	0.0004	0	0	.
1_13980_T_G	0	.	0	0	0	0	0	.
1_14011_C_T	0.0020	.	0	0	0.0022	0.0078	0.0125	.
1_14026_T_G	0.0054	.	0.0048	0	0.0097	0.0038	0.0141	.
1_14030_A_G	.	.	.	.	.	.	.	0.00101
1_14047_C_A	7.313e-05	.	0	0	0	0	0	.
1_14050_G_C	3.647e-05	.	0	0	0	0	0	.
1_14053_C_G	0.0004	.	0.0014	0	0.0005	0.0009	0	.
1_14062_C_T	0.0005	.	0	0	0.0012	0	0	.
1_14063_G_A	3.494e-05	.	0	0	7.425e-05	0	0	0.00067
1_14092_G_C	3.389e-05	.	0	0	0	0	0	.
1_14112_T_A	0	.	0	0	0	0	0	.
1_14115_A_C	0.0012	.	0	0	7.766e-05	0	0	.
1_14115_A_T	0.0006	.	0.0013	0	0.0008	0.0003	0	0.00235
1_14116_C_T	0.0011	.	0	0	7.052e-05	0	0	.
1_14133_G_C	0.0021	.	0	0	7.059e-05	0	0	.
1_14147_T_G	6.748e-05	.	0	0	0	0	0	.
1_14156_A_G	6.776e-05	.	0	0	0	0	0	.
1_14157_G_C	0.0002	.	0.0013	0	0	0	0	.
1_14165_A_G	0.0140	.	0.0292	0.1159	0.0108	0.0153	0	0.18164
1_14170_T_C	6.821e-05	.	0	0	7.195e-05	0	0	.
1_14172_G_C	0.0002	.	0	0	0.0004	0	0	.
1_14173_A_T	3.421e-05	.	0	0	7.236e-05	0	0	.
1_14179_C_T	6.897e-05	.	0	0	7.312e-05	0	0	.
1_14180_G_A	6.908e-05	.	0	0.0007	0	0	0	.
1_14195_A_G	3.597e-05	.	0	0	7.752e-05	0	0	.
1_14207_G_A	0.0002	.	0	0	0	0	0	.
1_14210_G_A	0.0430	.	0.0592	0.2819	0.0641	0.0053	0.0556	0.22587
1_14214_A_G	.	.	.	.	.	.	.	0.00034
1_14214_A_C	.	.	.	.	.	.	.	0.00034
1_14215_T_C	0.0014	.	0	0	0.0021	0.0017	0	.
1_14224_T_G	0.0020	.	0	0	0	0	0	.
1_14241_T_G	4.244e-05	.	0	0	0	0	0	.
1_14248_T_G	0.0178	.	0.0205	0.0172	0.0283	0.0048	0.05	.
1_14263_C_T	4.619e-05	.	0	0	0.0001	0	0	.
1_14264_C_T	0.0056	.	0.0022	0	0	0	0	.
1_14287_A_G	9.378e-05	.	0	0.0015	0	0	0	0.00034
1_14289_C_T	.	.	.	.	.	.	.	0.00067
1_14325_G_A	0	.	0	0	0	0	0	.
1_14334_G_A	0.0011	.	0	0	0.0005	0	0	.
1_14335_G_A	.	.	.	.	.	.	.	0.00034
1_14349_C_T	8.119e-05	.	0	0	8.75e-05	0.0005	0	.
1_14350_G_A	0.0026	.	0	0.0007	0.0002	0.0004	0	.
1_14354_C_A	0.0204	.	0.0149	0.0117	0.0309	0.0065	0.0392	0.00738
1_14355_G_A	0.0001	.	0	0.0007	0.0002	0	0	.
1_14357_T_C	0.0006	.	0.0017	0	0.0006	0.0026	0	.
1_14359_G_A	0.0002	.	0	0	0	0	0	.
1_14364_C_T	3.97e-05	.	0	0	0	0	0	.
1_14372_C_G	3.978e-05	.	0	0.0007	0	0	0	.
1_14378_A_G	0.0003	.	0	0	0.0003	0	0	.
1_14380_C_T	3.958e-05	.	0	0	8.684e-05	0	0	.
1_14383_T_G	0.0001	.	0	0	0	0	0	.
1_14384_T_G	3.928e-05	.	0	0	8.627e-05	0	0	.
1_14388_A_G	3.92e-05	.	0	0	0	0	0	.
1_14402_G_A	3.843e-05	.	0	0	0	0	0	.
1_14402_G_C	3.843e-05	.	0	0	0	0	0	.
1_14409_G_A	3.81e-05	.	0	0	0	0	0	.
1_14410_C_A	3.806e-05	.	0	0	0	0	0	.
1_14414_G_C	7.612e-05	.	0	0	0	0	0	.
1_14429_G_C	3.796e-05	.	0.0016	0	0	0	0	.
1_14434_C_T	3.758e-05	.	0	0	0	0	0	.
1_14436_G_A	0.0002	.	0.0016	0	0.0002	0	0	.
1_14437_T_A	3.757e-05	.	0	0	0	0	0	.
1_14439_T_G	3.742e-05	.	0	0	0	0	0	.
1_14458_G_C	0.0005	.	0	0	0	0	0	.
1_14462_A_G	.	.	.	.	.	.	.	0.00067
1_14464_A_T	0.1964	.	0.1746	0.0006	0.3070	0.2488	0.3276	0.00335
1_14469_C_T	0.0027	.	0.0045	0	0.0029	0.0081	0	.
1_14470_G_A	0.0041	.	0	0.0021	0.0054	0.0064	0.0060	0.00536
1_14471_C_T	3.643e-05	.	0	0	0	0	0	.
1_14487_G_A	0.0010	.	0.0029	0.0007	0.0003	0.0003	0	0.00067
1_14492_C_A	3.549e-05	.	0	0	0	0.0003	0	.
1_14498_G_A	.	.	.	.	.	.	.	0.00067
1_14501_C_T	.	.	.	.	.	.	.	0.00067
1_14506_G_A	0.0005	.	0	0	0.0001	0.0035	0	.
1_14509_G_C	3.478e-05	.	0	0	0	0	0	.
1_14513_G_A	0.0317	.	0.0627	0.0044	0.0416	0.0996	0.0455	0.01642
1_14516_G_C	3.452e-05	.	0	0	0	0	0	.
1_14518_C_G	3.444e-05	.	0	0	0	0	0	.
1_14519_C_G	0	.	0	0	0	0	0	.
1_14521_C_T	0.0002	.	0	0	0.0004	0.0003	0	.
1_14522_G_A	0.0190	.	0.0267	0.0132	0.0245	0.0227	0.0253	0.05932
1_14523_C_T	.	.	.	.	.	.	.	0.00034
1_14542_A_G	0.0300	.	0.0618	0.0456	0.0432	0.0090	0.0379	0.13539
1_14547_G_A	.	.	.	.	.	.	.	0.00034
1_14553_C_T	6.753e-05	.	0	0	0.0001	0	0	.
1_14554_G_A	6.749e-05	.	0	0	7.112e-05	0	0	.
1_14558_C_T	3.368e-05	.	0	0	0	0	0.0047	.
1_14574_A_G	0.0477	.	0.0746	0.0863	0.0611	0.0134	0.0662	0.18432
1_14578_A_C	0.0002	.	0.0013	0	0	0	0	.
1_14584_G_C	3.345e-05	.	0	0	0	0	0	.
1_14589_C_T	3.339e-05	.	0	0.0006	0	0	0	0.00101
1_14590_G_A	0.0354	.	0.0531	0.0486	0.0443	0.0103	0.0507	0.11897
1_14599_T_A	0.0482	.	0.0727	0.0977	0.0641	0.0135	0.0556	0.2309
1_14600_C_T	.	.	.	.	.	.	.	0.00034
1_14604_A_G	0.0514	.	0.0707	0.0935	0.0651	0.0120	0.0486	0.22922
1_14610_T_C	0.0641	.	0.0722	0.2458	0.0722	0.0145	0.0455	0.28418
1_14619_G_A	3.253e-05	.	0	0.0006	0	0	0	.
1_14626_G_C	0.0016	.	0.0038	0	0.0015	0.0012	0.0038	.
1_14636_T_C	0	.	0	0	0	0	0	.
1_14638_T_C	3.236e-05	.	0	0	6.637e-05	0	0	.
1_14643_G_A	3.23e-05	.	0	0	6.616e-05	0	0	.
1_14653_C_T	0.1989	.	0.176	0.2740	0.2496	0.1144	0.2256	0.25369
1_14654_G_A	3.246e-05	.	0	0	0	0.0003	0	.
1_14655_G_A	3.221e-05	.	0	0	6.584e-05	0	0	.
1_14656_C_A	3.223e-05	.	0	0	0	0	0	.
1_14671_G_C	0.0078	.	0.0085	0	0.0123	0.0046	0	.
1_14673_G_A	0.0008	.	0	0	0	0	0	.
1_14673_G_C	0.3106	.	0.4054	0.0606	0.3712	0.4132	0.43	0.24464
1_14674_G_A	0	.	0	0	0	0	0	.
1_14676_G_A	0	.	0	0	0	0	0	.
1_14677_G_A	0.0235	.	0.0303	0.0543	0.0331	0.0251	0.0198	0.1126
1_14685_C_A	3.22e-05	.	0	0.0006	0	0	0	.
1_14687_T_G	3.22e-05	.	0	0	6.575e-05	0	0	.
1_14696_C_A	3.219e-05	.	0.0012	0	0	0	0	.
1_14699_C_G	0.3413	.	0.4288	0.0965	0.4121	0.4583	0.4078	0.30027
1_14700_G_A	0.0002	.	0	0	0	0	0	.
1_14710_C_T	3.219e-05	.	0	0	0	0	0	.
1_14711_G_A	0.0011	.	0.0012	0.0013	0.0001	0	0	0.00101
1_14717_G_A	0.0006	.	0	0.0084	6.535e-05	0	0	0.00603
1_14731_G_A	6.41e-05	.	0	0	6.533e-05	0	0	.
1_14738_C_G	3.204e-05	.	0	0	0	0	0	.
1_14739_T_C	.	.	.	.	.	.	.	0.00034
1_14741_C_A	0.0043	.	0	0	0.0060	0.0080	0.0041	.
1_14741_C_T	7.04e-05	.	0	0	0.0001	0	0	.
1_14742_G_A	9.624e-05	.	0	0.0006	0	0	0	0.00067
1_14747_C_G	0.0002	.	0	0	0	0	0	.
1_14747_C_T	3.213e-05	.	0	0	0	0	0	.
1_14748_G_A	0	.	0	0	0	0	0	0.00067
1_14749_G_A	0	.	0	0	0	0	0	.
1_14752_G_A	0.0003	.	0	0	0	0	0	.
1_14755_G_A	3.215e-05	.	0	0	0	0	0	.
1_14759_G_A	0	.	0	0	0	0	0	.
1_14762_G_A	.	.	.	.	.	.	.	0.00034
1_14763_G_C	6.45e-05	.	0	0	0.0001	0	0	.
1_14773_C_T	0.0093	.	0.0084	0	0.0134	0.0096	0	0.00067
1_14774_G_A	0	.	0	0	0	0	0	0.00134
1_14775_C_T	9.751e-05	.	0	0	0.0002	0	0	0.00369
1_14776_G_A	6.485e-05	.	0	0	0.0001	0	0	.
1_14784_G_C	9.861e-05	.	0	0	0	0	0	.
1_14791_C_T	0.0002	.	0	0	6.901e-05	0	0	0.00034
1_14792_G_A	0.0007	.	0	0	6.914e-05	0	0	.
1_14795_C_A	0	.	0	0	0	0	0	0.00034
1_14805_G_A	3.316e-05	.	0	0	0	0	0	.
1_14812_G_A	0	.	0	0	0	0	0	.
1_14812_G_C	.	.	.	.	.	.	.	0.00034
1_14814_C_T	0	.	0	0	0	0	0	.
1_14815_C_T	3.346e-05	.	0	0.0007	0	0	0	0.00168
1_14826_A_T	.	.	.	.	.	.	.	0.00034
1_14833_G_C	0	.	0	0	0	0	0	.
1_14834_A_G	0	.	0	0	0	0	0	.
1_14842_G_T	0.0003	.	0	0	0.0006	0	0	.
1_14843_G_A	0.0067	.	0.0012	0	6.616e-05	0	0	.
1_14843_G_T	.	.	.	.	.	.	.	0.00034
1_14844_C_T	3.217e-05	.	0	0	6.588e-05	0	0	.
1_14852_G_C	3.188e-05	.	0	0	6.492e-05	0	0	0.00101
1_14860_G_T	0.0006	.	0	0	0.0004	0.0035	0	.
1_14863_G_T	3.186e-05	.	0	0	6.488e-05	0	0	.
1_14867_A_G	0	.	0	0	0	0	0	.
1_14882_A_C	0	.	0	0	0	0	0	.
1_14888_C_G	0	.	0	0	0	0	0	0.00101
1_14888_C_T	0	.	0	0	0	0	0	0.00034
1_14889_G_A	6.378e-05	.	0.0012	0	6.492e-05	0	0	0.00067
1_14891_A_C	3.184e-05	.	0	0	6.48e-05	0	0	.
1_14896_T_C	0.0008	.	0	0	6.483e-05	0	0	.
1_14905_G_A	0	.	0	0	0	0	0	.
1_14906_A_C	6.386e-05	.	0	0	0	0	0	.
1_14907_A_G	0.4959	.	0.5110	0.4284	0.5022	0.5086	0.5147	0.438
1_14910_A_G	3.184e-05	.	0	0	0	0	0	.
1_14911_A_G	0	.	0	0	0	0	0	.
1_14912_A_C	3.184e-05	.	0	0	0	0	0	.
1_14913_A_G	3.187e-05	.	0	0	0	0	0	.
1_14915_G_A	3.184e-05	.	0	0	0	0	0	.
1_14920_A_G	3.184e-05	.	0	0	0	0	0	.
1_14929_C_T	0.0007	.	0	0	0.0003	0.0044	0	0.00168
1_14930_A_G	0.4941	.	0.5145	0.4314	0.5026	0.5090	0.5213	0.43834
1_14931_A_G	3.186e-05	.	0	0	0	0	0	.
1_14932_G_T	0.0015	.	0	0.0379	0.0001	0	0	0.1498
1_14933_G_A	0.0645	.	0.0747	0.0385	0.0951	0.1072	0.1373	0.09651
1_14937_T_C	0.0002	.	0	0	0	0.0003	0	0.00804
1_14938_G_A	0	.	0	0	0	0	0	.
1_14939_G_A	3.199e-05	.	0	0	0	0	0	.
1_14947_C_T	0	.	0	0	0	0	0	.
1_14948_G_A	0.0160	.	0.0313	0	0.0231	0.0243	0.0187	0.00034
1_14949_G_C	3.192e-05	.	0	0	6.48e-05	0	0	.
1_14954_C_T	3.185e-05	.	0	0	0	0	0	.
1_14955_G_A	0.0002	.	0.0012	0.0013	0	0	0	0.00101
1_14956_G_A	0.0002	.	0	0	0	0	0	.
1_14959_C_G	3.185e-05	.	0	0	0	0	0	.
1_14960_T_C	0	.	0	0	0	0	0	.
1_14966_C_T	0.0001	.	0	0	0.0003	0	0	.
1_14971_C_T	3.184e-05	.	0	0	6.479e-05	0	0	.
1_14974_G_A	0	.	0	0	0	0	0	.
1_14975_C_T	0.0004	.	0	0.0058	6.479e-05	0	0	0.01441
1_14976_G_A	0.0691	.	0.0864	0.0387	0.1030	0.1106	0.135	0.09752
1_14976_G_C	8.102e-05	.	0	0	0	0	0	.
1_14978_C_A	0	.	0	0	0	0	0	.
1_14981_A_C	0	.	0	0	0	0	0	.
1_14985_C_T	0	.	0	0	0	0	0	.
1_14987_A_T	6.37e-05	.	0	0	0	0	0	.
1_14990_T_A	3.185e-05	.	0	0	6.48e-05	0	0	.
1_14991_T_C	0	.	0	0	0	0	0	.
1_14992_G_A	3.185e-05	.	0	0	0	0	0	.
1_14992_G_C	0	.	0	0	0	0	0	.
1_14993_T_C	0	.	0	0	0	0	0	.
1_15000_G_C	0.0003	.	0	0	0.0001	0	0	.
1_15004_C_T	0	.	0	0	0	0	0	0.00067
1_15005_G_A	3.188e-05	.	0	0	0	0	0	.
1_15009_T_C	6.379e-05	.	0	0	0	0.0003	0	0.00101
1_15013_G_C	0	.	0	0	0	0	0	.
1_15015_G_C	0.0003	.	0	0	0.0003	0.0010	0	0.00671
1_15017_C_A	0	.	0	0	0	0	0	.
1_15020_C_T	3.234e-05	.	0	0	0	0.0003	0	.
1_15023_T_G	0	.	0	0	0	0	0	.
1_15024_G_A	3.299e-05	.	0	0	6.871e-05	0	0	.
1_15025_G_C	9.898e-05	.	0	0	0	0	0	.
1_15029_G_A	0.0065	.	0.0158	0.0033	0.0084	0.0074	0.0099	0.01039
1_15030_T_C	0	.	0	0	0	0	0	.
1_15038_A_C	0.0001	.	0	0	0	0	0	.
1_15045_C_T	0.0010	.	0.0043	0.0014	0.0007	0.0028	0	0.01374
1_15046_G_A	0.0002	.	0	0	0	0	0	.
1_15048_G_A	0.0002	.	0	0	0	0.0017	0	.
1_15049_A_G	.	.	.	.	.	.	.	0.00067
1_15052_G_A	3.334e-05	.	0	0	6.994e-05	0	0	.
1_15053_C_G	0.0006	.	0	0.0100	0	0	0	0.02614
1_15053_C_T	6.692e-05	.	0	0	0	0	0	.
1_15058_G_A	3.334e-05	.	0	0	0	0	0	.
1_15058_G_C	0.0001	.	0	0	0.0001	0.0003	0	.
1_15062_G_A	3.332e-05	.	0	0.0006	0	0	0	.
1_15072_G_C	0.0006	.	0	0	0	0	0	.
1_15074_T_G	0	.	0	0	0	0	0	.
1_15077_G_A	3.325e-05	.	0	0	6.966e-05	0	0	.
1_15085_C_A	0.0002	.	0	0.0045	0	0	0	0.00469
1_15085_C_T	6.652e-05	.	0	0	6.96e-05	0	0	.
1_15086_G_A	0	.	0	0	0	0	0	.
1_15089_C_T	0.0001	.	0	0.0006	0	0	0	.
1_15090_G_A	3.319e-05	.	0	0	6.941e-05	0	0	0.00034
1_15092_T_A	3.317e-05	.	0	0.0006	0	0	0	.
1_15093_G_A	3.316e-05	.	0	0.0006	0	0	0	.
1_15094_A_G	0.0008	.	0.0027	0.0029	0.0004	0.0003	0	0.00804
1_15101_G_C	0	.	0	0	0	0	0	.
1_15106_C_A	6.615e-05	.	0	0	0	0	0	.
1_15112_C_T	0.0007	.	0.0038	0	0.0008	0.0009	0	.
1_15117_C_G	6.574e-05	.	0	0	0	0.0006	0	.
1_15117_C_T	0.0005	.	0.0012	0	0	0	0	.
1_15118_A_G	0.4466	.	0.4676	0.3456	0.4615	0.4589	0.4867	0.35791
1_15126_G_C	0	.	0	0	0	0	0	.
1_15127_C_A	3.269e-05	.	0	0	0	0	0	.
1_15129_C_A	0	.	0	0	0	0	0	0.00134
1_15135_G_T	0	.	0	0	0	0	0	.
1_15141_T_G	3.244e-05	.	0	0.0006	0	0	0	0.00067
1_15143_T_A	0.0002	.	0	0	0	0	0	.
1_15148_C_G	0	.	0	0	0	0	0	.
1_15153_T_G	.	.	.	.	.	.	.	0.00034
1_15163_G_A	6.389e-05	.	0	0.0013	0	0	0	0.00101
1_15171_C_T	3.192e-05	.	0	0	0	0	0	.
1_15172_G_A	0	.	0	0	0	0	0	.
1_15174_T_C	0	.	0	0	0	0	0	.
1_15179_G_C	6.388e-05	.	0	0.0013	0	0	0	0.00101
1_15179_G_T	0.0001	.	0	0	0	0	0	.
1_15182_C_G	0.0002	.	0	0	0	0	0	.
1_15186_C_T	0	.	0	0	0	0	0	.
1_15189_C_T	0.0009	.	0	0.0007	0	0	0	.
1_15190_G_A	0.1710	.	0.2138	0.1353	0.2537	0.2904	0.2595	0.23307
1_15192_G_A	3.187e-05	.	0	0	0	0	0	.
1_15194_A_T	0	.	0	0	0	0	0	.
1_15200_G_C	0	.	0	0	0	0	0	.
1_15202_G_C	0	.	0	0	0	0	0	.
1_15206_G_A	3.188e-05	.	0	0	6.49e-05	0	0	.
1_15207_C_A	0	.	0	0	0	0	0	.
1_15207_C_T	0.0002	.	0	0.0006	0.0002	0.0009	0	0.00067
1_15208_G_A	0.0109	.	0.0201	0.0052	0.0141	0.0117	0.0113	0.00973
1_15209_G_A	3.188e-05	.	0	0	0	0	0	.
1_15209_G_C	3.188e-05	.	0	0	0	0	0	.
1_15210_C_T	9.568e-05	.	0	0	6.49e-05	0	0	.
1_15211_T_A	0	.	0	0	0	0	0	.
1_15211_T_G	0.6095	.	0.6534	0.4799	0.6462	0.6734	0.7101	0.48189
1_15219_G_A	3.275e-05	.	0	0	0	0	0	0.00034
1_15221_G_C	0.0047	.	0.0072	0	0	0	0	.
1_15224_A_G	3.277e-05	.	0	0	6.684e-05	0	0	.
1_15226_C_T	3.279e-05	.	0	0	6.693e-05	0	0	.
1_15228_C_T	0	.	0	0	0	0	0	.
1_15237_C_A	0	.	0	0	0	0	0	.
1_15239_C_A	0.0006	.	0	0	0	0	0	.
1_15239_C_T	6.414e-05	.	0	0	0	0	0	0.00235
1_15240_G_A	3.207e-05	.	0	0	6.532e-05	0	0	.
1_15241_G_T	0.0009	.	0.0036	0	0	0	0	.
1_15245_C_T	0.0028	.	0	0	6.582e-05	0	0	.
1_15246_A_G	3.217e-05	.	0	0.0006	0	0	0	.
1_15256_T_C	0.0003	.	0	0	0.0005	0	0	.
1_15257_G_A	0.0004	.	0	0	0.0001	0.0009	0	0.00034
1_15259_G_A	0.0002	.	0	0	0.0003	0.0003	0	.
1_15260_C_T	0.0004	.	0	0	0	0	0	.
1_15262_G_A	3.261e-05	.	0	0	0	0	0	.
1_15273_C_T	0.0003	.	0	0	0.0005	0.0003	0	.
1_15274_A_G	0.3711	.	0.3195	0.5226	0.3543	0.3520	0.2831	0.5272
1_15274_A_T	0.6129	.	0.6805	0.4774	0.6454	0.6480	0.7169	0.4728
1_15275_A_G	9.898e-05	.	0	0.0020	0	0	0	0.00335
1_15278_G_A	0	.	0	0	0	0	0	.
1_15278_G_C	3.304e-05	.	0	0	0	0	0	.
1_15279_G_A	3.305e-05	.	0	0	6.877e-05	0	0	.
1_15294_G_C	0.0003	.	0.0012	0	0	0	0	.
1_15296_G_A	3.329e-05	.	0	0	0	0	0	.
1_15301_G_C	0.0025	.	0.0012	0	0.0027	0.0082	0	.
1_15302_G_A	3.335e-05	.	0	0	0	0	0	.
1_15312_T_C	3.335e-05	.	0	0	0	0	0	.
1_15314_G_T	3.336e-05	.	0	0.0006	0	0	0	0.00067
1_15316_G_A	0	.	0	0	0	0	0	.
1_15324_G_A	0.0001	.	0	0	0	0	0	.
1_15329_G_A	.	.	.	.	.	.	.	0.00034
1_15339_C_T	0.0005	.	0.0012	0.0026	0.0002	0.0012	0.0046	0.00838
1_15340_G_A	0.0026	.	0.0013	0	0.0001	0	0	.
1_15343_G_A	.	.	.	.	.	.	.	0.00034
1_15351_G_T	0.0005	.	0.0013	0.0006	0.0006	0	0	0.00067
1_15352_C_T	0.0005	.	0.0013	0.0006	0.0006	0	0	0.00067
1_15354_C_G	0.0053	.	0.0159	0	0.0069	0.0102	0.0048	0.00034
1_15362_T_C	0	.	0	0	0	0	0	.
1_15364_G_A	0.0006	.	0	0	0	0	0	0.00034
1_15366_G_T	3.335e-05	.	0	0	7.006e-05	0	0	.
1_15367_C_G	0	.	0	0	0	0	0	.
1_15370_A_G	3.335e-05	.	0	0	0	0	0	.
1_15372_G_C	0	.	0	0	0	0	0	.
1_15380_C_T	0	.	0	0	0	0	0	.
1_15381_G_A	0.0006	.	0	0.0006	7.007e-05	0	0	0.00101
1_15382_C_T	0	.	0	0	0	0	0	.
1_15385_C_T	0	.	0	0	0	0	0	.
1_15389_C_T	3.349e-05	.	0	0	0	0	0	.
1_15390_G_A	0.0001	.	0	0	0.0001	0	0	0.00067
1_15398_C_T	6.674e-05	.	0	0.0013	0	0	0	0.00335
1_15407_C_T	0	.	0	0	0	0	0	.
1_15412_G_C	0	.	0	0	0	0	0	.
1_15417_C_T	6.672e-05	.	0	0	7.009e-05	0	0	.
1_15418_G_A	6.678e-05	.	0	0	0	0	0	.
1_15418_G_C	3.339e-05	.	0	0	0	0	0	.
1_15431_A_G	.	.	.	.	.	.	.	0.00235
1_15440_A_G	3.337e-05	.	0	0	7.014e-05	0	0	.
1_15446_C_A	0.0004	.	0	0	0	0	0	.
1_15446_C_T	0	.	0	0	0	0	0	.
1_15447_A_G	0.0734	.	0.0631	0.0451	0.0863	0.0821	0.1233	0.09283
1_15450_G_A	0	.	0	0	0	0	0	.
1_15458_G_T	3.336e-05	.	0	0	7.012e-05	0	0	.
1_15463_G_C	0	.	0	0	0	0	0	.
1_15469_A_C	0	.	0	0	0	0	0	.
1_15469_A_G	3.337e-05	.	0	0	7.011e-05	0	0	.
1_15480_A_T	3.336e-05	.	0	0	7.01e-05	0	0	.
1_15484_G_A	0.0054	.	0.0066	0.0283	0.0064	0.0035	0	0.05228
1_15484_G_T	0.0063	.	0.0027	0	0.0096	0.0083	0.01	.
1_15504_G_C	3.337e-05	.	0	0	7.009e-05	0	0	.
1_15513_C_T	0.0001	.	0	0	0	0	0	0.00134
1_15514_G_A	3.342e-05	.	0	0	7.013e-05	0	0	.
1_15515_C_T	0.0004	.	0	0	0	0	0	.
1_15520_G_A	3.347e-05	.	0	0	7.006e-05	0	0	.
1_15520_G_C	0.0002	.	0	0	0	0	0	.
1_15521_G_C	0	.	0	0	0	0	0	.
1_15526_C_T	0.0001	.	0	0	7.008e-05	0	0	0.00067
1_15527_G_A	0.0016	.	0.0013	0	0.0022	0.0015	0	.
1_15527_G_C	3.413e-05	.	0	0	0	0	0	.
1_15532_A_G	0	.	0	0	0	0	0	.
1_15557_G_T	3.25e-05	.	0.0012	0	0	0	0	.
1_15564_T_A	0	.	0	0	0	0	0	.
1_15566_G_A	0.0044	.	0.0012	0	0.0001	0	0	.
1_15570_G_A	0	.	0	0	0	0	0	.
1_15584_T_C	0.0020	.	0	0	0.0001	0	0	.
1_15585_G_A	0.0026	.	0.0061	0	0.0032	0.0006	0.0041	.
1_15589_C_T	0.0006	.	0.0012	0	0	0	0	.
1_15597_A_G	6.52e-05	.	0	0	0.0001	0	0	.
1_15599_G_A	3.263e-05	.	0	0	6.749e-05	0	0	.
1_15616_G_A	0.0130	.	0.0061	0.0032	0.0002	0	0	0.00536
1_15623_G_A	3.261e-05	.	0	0.0006	0	0	0	0.00168
1_15631_G_A	3.321e-05	.	0	0	0	0	0	.
1_15634_C_T	0.0006	.	0	0	0	0	0	.
1_15643_C_T	0.0006	.	0	0	0	0	0	.
1_15644_G_A	0.0005	.	0.0013	0.0040	0.0004	0	0	0.00436
1_15647_C_G	0.0004	.	0	0	0.0005	0.0010	0	0.00603
1_15665_G_T	0	.	0	0	0	0	0	.
1_15666_C_T	3.339e-05	.	0	0	0	0	0	.
1_15671_G_C	0.0001	.	0	0	0.0002	0	0	.
1_15672_G_C	0	.	0	0	0	0	0	.
1_15681_G_T	0	.	0	0	0	0	0	.
1_15687_G_C	.	.	.	.	.	.	.	0.00034
1_15688_C_T	0.1379	.	0.1586	0.1028	0.2327	0.2293	0.2321	0.17493
1_15690_G_A	0	.	0	0	0	0	0	.
1_15690_G_T	6.687e-05	.	0	0	0	0	0	.
1_15691_G_C	0	.	0	0	0	0	0	.
1_15694_A_G	3.34e-05	.	0	0	7.029e-05	0	0	.
1_15697_G_C	3.337e-05	.	0	0	7.015e-05	0	0	.
1_15701_G_C	6.678e-05	.	0	0	0	0	0	.
1_15702_G_A	3.34e-05	.	0	0	0	0.0003	0	.
1_15706_G_A	3.338e-05	.	0	0	0	0	0	.
1_15707_G_A	6.676e-05	.	0	0	0	0	0	.
1_15708_G_A	0	.	0	0	0	0	0	.
1_15711_G_A	0	.	0	0	0	0	0	.
1_15715_G_A	0.0059	.	0.0065	0	0.0084	0.0027	0.0051	.
1_15717_A_G	0.0003	.	0.0014	0.0007	0.0001	0.0003	0	0.0067
1_15721_G_A	0.0003	.	0.0042	0	0.0002	0.0006	0	0.00637
1_15723_T_C	3.345e-05	.	0	0	7.026e-05	0	0	.
1_15724_G_A	6.689e-05	.	0	0	0.0001	0	0	.
1_15742_G_C	3.342e-05	.	0	0	0	0	0	.
1_15750_G_A	0.0003	.	0	0.0049	0	0	0	0.00369
1_15759_C_T	3.368e-05	.	0.0013	0	0	0	0	.
1_15766_C_A	3.416e-05	.	0	0	0	0	0	.
1_15769_C_T	6.903e-05	.	0	0	0.0001	0	0	.
1_15770_G_A	0.0042	.	0.0054	0.0009	0.0057	0.0028	0	0.00168
1_15770_G_T	0	.	0	0	0	0	0	.
1_15773_T_C	0.0001	.	0	0	0.0003	0	0	0.00134
1_15774_G_A	0.0021	.	0.0041	0.0332	0.0014	0	0.0040	0.03394
1_15776_A_G	3.536e-05	.	0	0	7.214e-05	0	0	.
1_15776_A_T	0.0009	.	0	0	0	0	0	.
1_15777_A_G	0.0007	.	0	0.0012	7.355e-05	0.0006	0	0.00134
1_15782_C_T	.	.	.	.	.	.	.	0.00067
1_15787_C_T	3.704e-05	.	0	0	7.586e-05	0	0	.
1_15790_G_A	0.0018	.	0	0	0.0002	0	0	.
1_15791_C_T	0.0002	.	0.0015	0	7.844e-05	0	0	.
1_15800_C_G	4.067e-05	.	0	0	0	0	0	.
1_15811_T_C	0.0016	.	0	0	0.0017	0.0065	0	.
1_15811_T_G	0.0004	.	0.0017	0	0.0003	0	0.0152	.
1_15817_G_T	0.0022	.	0.0045	0	0.0041	0.0010	0.0147	0.01357
1_15820_G_T	0.2260	.	0.125	0.0714	0.1106	0.0499	0.1481	0.17219
1_15835_G_A	0.0002	.	0	0	0	0	0	.
1_15849_C_T	0.0006	.	0	0	0.0003	0	0	0.00073
1_15850_G_A	0.0001	.	0	0.0043	0.0001	0	0	0.00296
1_15854_C_A	0.0003	.	0	0	0	0	0	.
1_15865_C_T	6.516e-05	.	0	0	0	0	0	.
1_15866_G_A	0	.	0	0	0	0	0	.
1_15871_C_A	0	.	0	0	0	0	0	.
1_15876_G_C	0.0002	.	0	0	0.0005	0	0	.
1_15882_C_T	8.684e-05	.	0	0	0.0003	0	0	.
1_15883_G_A	8.708e-05	.	0	0	0	0	0	.
1_15888_G_T	0.0002	.	0	0	0	0.0019	0.0192	.
1_15895_G_A	0	.	0	0	0	0	0	.
1_15898_G_T	0	.	0	0	0	0	0	.
1_15906_A_C	8.042e-05	.	0	0	0	0.0014	0	.
1_15906_A_G	0.0012	.	0.0047	0	0.0010	0.0085	0.0256	.
1_15908_C_G	0	.	0	0	0	0	0	.
1_15911_C_T	0	.	0	0	0	0	0	.
1_15912_C_T	0.0001	.	0	0.0015	0.0002	0	0	.
1_15913_G_A	0.0003	.	0	0	0	0	0	.
1_15922_A_G	0.0026	.	0.0066	0.0028	0.0022	0.0008	0.01	.
1_15932_C_A	0.0001	.	0	0	0	0	0	.
1_15955_C_T	0	.	0	0	0	0	0	.
1_15956_G_A	0.0005	.	0.0111	0	0.0003	0	0	.
1_15973_G_A	0	.	0	0	0	0	0	.
1_15973_G_C	4.603e-05	.	0.0021	0	0	0	0	.
1_15985_G_T	4.379e-05	.	0	0	0	0.0004	0	.
1_15986_G_C	8.724e-05	.	0	0	0.0002	0	0	0.00034
1_15989_G_C	0.0011	.	0	0	0	0	0	.
